Source,Target,EdgeScore,TotalQuotes
radcliffe_udolpho_28_g,radcliffe_udolpho_31_g,294.0,10
radcliffe_udolpho_28_g,radcliffe_udolpho_8_g,281.0,9
radcliffe_udolpho_28_g,radcliffe_udolpho_45_g,260.0,9
radcliffe_udolpho_28_g,radcliffe_udolpho_20_g,175.0,6
radcliffe_udolpho_28_g,radcliffe_udolpho_19_g,308.0,10
radcliffe_udolpho_28_g,radcliffe_udolpho_42_g,217.0,6
radcliffe_udolpho_28_g,radcliffe_udolpho_32_g,117.0,4
radcliffe_udolpho_28_g,radcliffe_udolpho_30_g,145.0,5
radcliffe_udolpho_28_g,radcliffe_udolpho_38_g,190.0,5
radcliffe_udolpho_28_g,radcliffe_udolpho_24_g,129.0,4
radcliffe_udolpho_28_g,radcliffe_udolpho_23_g,202.0,7
radcliffe_udolpho_28_g,radcliffe_udolpho_55_g,145.0,5
radcliffe_udolpho_28_g,radcliffe_udolpho_26_g,204.0,7
radcliffe_udolpho_28_g,radcliffe_udolpho_6_g,143.0,5
radcliffe_udolpho_28_g,radcliffe_udolpho_16_g,177.0,6
radcliffe_udolpho_28_g,radcliffe_udolpho_25_g,198.0,7
radcliffe_udolpho_28_g,radcliffe_udolpho_33_g,440.0,15
radcliffe_udolpho_28_g,radcliffe_udolpho_34_g,143.0,5
radcliffe_udolpho_28_g,radcliffe_udolpho_50_g,187.0,6
radcliffe_udolpho_28_g,radcliffe_udolpho_18_g,126.0,4
radcliffe_udolpho_28_g,radcliffe_udolpho_13_g,246.0,8
radcliffe_udolpho_28_g,radcliffe_udolpho_48_g,180.0,6
radcliffe_udolpho_28_g,radcliffe_udolpho_22_g,271.0,9
radcliffe_udolpho_28_g,radcliffe_udolpho_10_g,151.0,5
radcliffe_udolpho_28_g,radcliffe_udolpho_12_g,113.0,4
radcliffe_udolpho_28_g,radcliffe_udolpho_27_g,275.0,9
doyle_baskervilles_14_u,doyle_baskervilles_9_u,113.0,4
radcliffe_udolpho_37_g,radcliffe_udolpho_8_g,252.0,8
radcliffe_udolpho_37_g,radcliffe_udolpho_45_g,123.0,4
radcliffe_udolpho_37_g,radcliffe_udolpho_19_g,167.0,6
radcliffe_udolpho_37_g,radcliffe_udolpho_38_g,157.0,5
radcliffe_udolpho_37_g,radcliffe_udolpho_55_g,162.0,5
radcliffe_udolpho_37_g,radcliffe_udolpho_46_g,102.0,3
radcliffe_udolpho_37_g,radcliffe_udolpho_6_g,109.0,3
radcliffe_udolpho_37_g,radcliffe_udolpho_16_g,232.0,8
radcliffe_udolpho_37_g,radcliffe_udolpho_33_g,148.0,5
radcliffe_udolpho_37_g,radcliffe_udolpho_48_g,139.0,5
radcliffe_udolpho_37_g,radcliffe_udolpho_10_g,123.0,4
radcliffe_udolpho_37_g,radcliffe_udolpho_12_g,176.0,6
radcliffe_udolpho_37_g,radcliffe_udolpho_27_g,110.0,4
radcliffe_udolpho_37_g,radcliffe_udolpho_54_g,174.0,6
stoker_dracula_15_g,stoker_dracula_17_g,197.0,6
stoker_dracula_15_g,stoker_dracula_13_g,115.0,3
stoker_dracula_15_g,stoker_dracula_26_g,110.0,4
stoker_dracula_15_g,stoker_dracula_10_g,164.0,5
stoker_dracula_15_g,stoker_dracula_12_g,100.0,3
stoker_dracula_15_g,stoker_dracula_16_g,246.0,8
poe_ruemorgue_1_d,collins_moonstone_88_d,170.0,6
poe_ruemorgue_1_d,doyle_adventures_11_d,147.0,5
poe_ruemorgue_1_d,radcliffe_udolpho_19_g,122.0,4
poe_ruemorgue_1_d,collins_hauntedhotel_4_u,117.0,4
poe_ruemorgue_1_d,christie_secretadversary_18_d,111.0,4
poe_ruemorgue_1_d,collins_moonstone_89_d,170.0,6
poe_ruemorgue_1_d,poe_usher_1_g,203.0,7
poe_ruemorgue_1_d,poe_marieroget_1_d,1227.0,37
poe_ruemorgue_1_d,lewis_monk_4_g,158.0,5
poe_ruemorgue_1_d,shelley_frankenstein_40_g,146.0,5
poe_ruemorgue_1_d,lewis_monk_10_g,122.0,4
poe_ruemorgue_1_d,doyle_adventures_2_d,117.0,4
poe_ruemorgue_1_d,lewis_monk_8_g,117.0,4
poe_ruemorgue_1_d,lewis_monk_1_g,141.0,5
doyle_adventures_7_d,doyle_adventures_1_d,148.0,5
doyle_adventures_7_d,doyle_adventures_11_d,145.0,5
doyle_adventures_7_d,doyle_adventures_8_d,221.0,7
doyle_adventures_7_d,doyle_scarlet_6_d,113.0,4
doyle_adventures_7_d,doyle_adventures_10_d,251.0,8
doyle_adventures_7_d,doyle_adventures_3_d,202.0,6
doyle_adventures_7_d,doyle_signoffour_6_d,150.0,5
doyle_adventures_7_d,doyle_adventures_12_d,139.0,5
doyle_adventures_7_d,doyle_adventures_4_d,183.0,6
doyle_adventures_7_d,doyle_adventures_2_d,149.0,5
collins_moonstone_83_d,collins_moonstone_82_d,102.0,3
collins_moonstone_83_d,collins_moonstone_88_d,130.0,4
collins_moonstone_83_d,collins_moonstone_86_d,124.0,4
collins_moonstone_83_d,collins_moonstone_59_d,118.0,3
collins_moonstone_83_d,doyle_adventures_10_d,137.0,5
collins_moonstone_83_d,collins_moonstone_81_d,209.0,7
collins_moonstone_83_d,poe_marieroget_1_d,108.0,4
collins_moonstone_83_d,collins_moonstone_85_d,199.0,7
collins_moonstone_83_d,collins_moonstone_61_d,179.0,5
collins_moonstone_83_d,collins_moonstone_84_d,161.0,5
collins_moonstone_83_d,collins_moonstone_65_d,105.0,3
radcliffe_udolpho_31_g,reeve_oldenglishbaron,243.0,9
radcliffe_udolpho_31_g,radcliffe_udolpho_43_g,101.0,3
radcliffe_udolpho_31_g,radcliffe_udolpho_20_g,404.0,13
radcliffe_udolpho_31_g,radcliffe_udolpho_19_g,527.0,18
radcliffe_udolpho_31_g,radcliffe_udolpho_32_g,151.0,5
radcliffe_udolpho_31_g,radcliffe_udolpho_30_g,428.0,14
radcliffe_udolpho_31_g,radcliffe_udolpho_44_g,126.0,4
radcliffe_udolpho_31_g,radcliffe_udolpho_38_g,183.0,6
radcliffe_udolpho_31_g,radcliffe_udolpho_5_g,128.0,4
radcliffe_udolpho_31_g,radcliffe_udolpho_24_g,349.0,11
radcliffe_udolpho_31_g,radcliffe_udolpho_23_g,236.0,8
radcliffe_udolpho_31_g,poe_marieroget_1_d,110.0,4
radcliffe_udolpho_31_g,radcliffe_udolpho_29_g,160.0,5
radcliffe_udolpho_31_g,radcliffe_udolpho_26_g,205.0,7
radcliffe_udolpho_31_g,radcliffe_udolpho_1_g,117.0,4
radcliffe_udolpho_31_g,radcliffe_udolpho_6_g,302.0,10
radcliffe_udolpho_31_g,radcliffe_udolpho_16_g,191.0,6
radcliffe_udolpho_31_g,radcliffe_udolpho_25_g,436.0,15
radcliffe_udolpho_31_g,radcliffe_udolpho_33_g,777.0,26
radcliffe_udolpho_31_g,radcliffe_udolpho_34_g,279.0,9
radcliffe_udolpho_31_g,radcliffe_udolpho_50_g,175.0,6
radcliffe_udolpho_31_g,radcliffe_udolpho_18_g,582.0,20
radcliffe_udolpho_31_g,radcliffe_udolpho_13_g,128.0,4
radcliffe_udolpho_31_g,radcliffe_udolpho_48_g,287.0,9
radcliffe_udolpho_31_g,radcliffe_udolpho_22_g,470.0,16
radcliffe_udolpho_31_g,radcliffe_udolpho_4_g,164.0,5
radcliffe_udolpho_31_g,radcliffe_udolpho_12_g,190.0,6
radcliffe_udolpho_31_g,radcliffe_udolpho_35_g,232.0,8
austen_northangerabbey_24_g,radcliffe_udolpho_30_g,112.0,4
collins_hauntedhotel_8_u,collins_moonstone_89_d,113.0,4
radcliffe_udolpho_8_g,radcliffe_udolpho_45_g,112.0,3
radcliffe_udolpho_8_g,radcliffe_udolpho_53_g,133.0,4
radcliffe_udolpho_8_g,radcliffe_udolpho_20_g,276.0,9
radcliffe_udolpho_8_g,radcliffe_udolpho_19_g,510.0,16
radcliffe_udolpho_8_g,radcliffe_udolpho_42_g,232.0,8
radcliffe_udolpho_8_g,radcliffe_udolpho_30_g,227.0,7
radcliffe_udolpho_8_g,radcliffe_udolpho_56_g,138.0,4
radcliffe_udolpho_8_g,radcliffe_udolpho_38_g,338.0,11
radcliffe_udolpho_8_g,radcliffe_udolpho_51_g,277.0,9
radcliffe_udolpho_8_g,radcliffe_udolpho_9_g,122.0,4
radcliffe_udolpho_8_g,radcliffe_udolpho_24_g,375.0,12
radcliffe_udolpho_8_g,radcliffe_udolpho_7_g,247.0,7
radcliffe_udolpho_8_g,radcliffe_udolpho_23_g,339.0,11
radcliffe_udolpho_8_g,radcliffe_udolpho_1_g,181.0,6
radcliffe_udolpho_8_g,radcliffe_udolpho_6_g,426.0,13
radcliffe_udolpho_8_g,radcliffe_udolpho_16_g,281.0,9
radcliffe_udolpho_8_g,radcliffe_udolpho_25_g,110.0,3
radcliffe_udolpho_8_g,radcliffe_udolpho_33_g,437.0,15
radcliffe_udolpho_8_g,radcliffe_udolpho_2_g,140.0,4
radcliffe_udolpho_8_g,radcliffe_udolpho_15_g,126.0,4
radcliffe_udolpho_8_g,radcliffe_udolpho_36_g,145.0,5
radcliffe_udolpho_8_g,radcliffe_udolpho_34_g,257.0,9
radcliffe_udolpho_8_g,radcliffe_udolpho_18_g,363.0,12
radcliffe_udolpho_8_g,radcliffe_udolpho_13_g,272.0,9
radcliffe_udolpho_8_g,radcliffe_udolpho_48_g,411.0,14
radcliffe_udolpho_8_g,radcliffe_udolpho_22_g,262.0,9
radcliffe_udolpho_8_g,lewis_monk_10_g,117.0,4
radcliffe_udolpho_8_g,radcliffe_udolpho_10_g,271.0,9
radcliffe_udolpho_8_g,radcliffe_udolpho_12_g,239.0,8
radcliffe_udolpho_8_g,radcliffe_udolpho_14_g,279.0,9
radcliffe_udolpho_8_g,radcliffe_udolpho_49_g,163.0,5
radcliffe_udolpho_8_g,radcliffe_udolpho_54_g,178.0,5
shelley_frankenstein_35_g,shelley_frankenstein_34_g,125.0,4
radcliffe_udolpho_45_g,radcliffe_udolpho_20_g,155.0,5
radcliffe_udolpho_45_g,radcliffe_udolpho_19_g,111.0,4
radcliffe_udolpho_45_g,radcliffe_udolpho_42_g,162.0,5
radcliffe_udolpho_45_g,radcliffe_udolpho_44_g,266.0,9
radcliffe_udolpho_45_g,radcliffe_udolpho_56_g,154.0,5
radcliffe_udolpho_45_g,radcliffe_udolpho_38_g,325.0,11
radcliffe_udolpho_45_g,radcliffe_udolpho_51_g,148.0,5
radcliffe_udolpho_45_g,radcliffe_udolpho_29_g,169.0,6
radcliffe_udolpho_45_g,radcliffe_udolpho_55_g,420.0,14
radcliffe_udolpho_45_g,radcliffe_udolpho_46_g,110.0,3
radcliffe_udolpho_45_g,radcliffe_udolpho_6_g,204.0,7
radcliffe_udolpho_45_g,radcliffe_udolpho_16_g,116.0,4
radcliffe_udolpho_45_g,radcliffe_udolpho_25_g,115.0,4
radcliffe_udolpho_45_g,radcliffe_udolpho_33_g,227.0,8
radcliffe_udolpho_45_g,radcliffe_udolpho_36_g,114.0,4
radcliffe_udolpho_45_g,radcliffe_udolpho_50_g,113.0,4
radcliffe_udolpho_45_g,radcliffe_udolpho_13_g,149.0,5
radcliffe_udolpho_45_g,radcliffe_udolpho_48_g,173.0,5
radcliffe_udolpho_45_g,radcliffe_udolpho_10_g,113.0,4
radcliffe_udolpho_45_g,radcliffe_udolpho_27_g,125.0,4
radcliffe_udolpho_45_g,radcliffe_udolpho_47_g,242.0,8
radcliffe_udolpho_45_g,radcliffe_udolpho_54_g,213.0,7
radcliffe_udolpho_45_g,radcliffe_udolpho_35_g,139.0,5
stoker_dracula_8_g,stoker_dracula_6_g,116.0,4
christie_secretadversary_8_d,christie_styles_3_d,103.0,3
radcliffe_udolpho_53_g,radcliffe_udolpho_1_g,113.0,4
radcliffe_udolpho_53_g,radcliffe_udolpho_36_g,115.0,4
collins_moonstone_82_d,collins_moonstone_88_d,114.0,4
collins_moonstone_82_d,collins_moonstone_59_d,117.0,4
collins_moonstone_82_d,collins_moonstone_55_d,330.0,7
collins_moonstone_82_d,collins_moonstone_89_d,113.0,4
collins_moonstone_82_d,collins_moonstone_70_d,111.0,3
collins_moonstone_82_d,collins_moonstone_56_d,292.0,9
collins_moonstone_82_d,collins_moonstone_84_d,277.0,9
collins_moonstone_82_d,collins_moonstone_53_d,118.0,4
collins_moonstone_82_d,collins_moonstone_66_d,115.0,4
collins_moonstone_88_d,doyle_adventures_8_d,126.0,4
collins_moonstone_88_d,collins_moonstone_86_d,270.0,9
collins_moonstone_88_d,collins_moonstone_87_d,233.0,8
collins_moonstone_88_d,reeve_oldenglishbaron,196.0,7
collins_moonstone_88_d,collins_moonstone_45_d,111.0,4
collins_moonstone_88_d,collins_moonstone_78_d,330.0,11
collins_moonstone_88_d,radcliffe_udolpho_19_g,109.0,4
collins_moonstone_88_d,collins_moonstone_59_d,276.0,10
collins_moonstone_88_d,collins_moonstone_54_d,238.0,7
collins_moonstone_88_d,collins_moonstone_63_d,119.0,4
collins_moonstone_88_d,collins_moonstone_57_d,333.0,11
collins_moonstone_88_d,collins_moonstone_75_d,187.0,6
collins_moonstone_88_d,collins_moonstone_46_d,100.0,3
collins_moonstone_88_d,lewis_monk_3_g,143.0,5
collins_moonstone_88_d,collins_moonstone_69_d,149.0,5
collins_moonstone_88_d,collins_moonstone_89_d,1471.0,47
collins_moonstone_88_d,collins_moonstone_79_d,112.0,4
collins_moonstone_88_d,poe_marieroget_1_d,293.0,10
collins_moonstone_88_d,lewis_monk_9_g,116.0,4
collins_moonstone_88_d,collins_moonstone_77_d,140.0,4
collins_moonstone_88_d,collins_moonstone_70_d,166.0,6
collins_moonstone_88_d,collins_hauntedhotel_26_u,140.0,5
collins_moonstone_88_d,collins_moonstone_85_d,493.0,13
collins_moonstone_88_d,radcliffe_udolpho_16_g,171.0,6
collins_moonstone_88_d,doyle_baskervilles_12_u,114.0,4
collins_moonstone_88_d,collins_moonstone_56_d,418.0,14
collins_moonstone_88_d,collins_moonstone_80_d,122.0,4
collins_moonstone_88_d,doyle_baskervilles_9_u,197.0,7
collins_moonstone_88_d,collins_moonstone_67_d,213.0,7
collins_moonstone_88_d,lewis_monk_4_g,171.0,6
collins_moonstone_88_d,collins_moonstone_74_d,232.0,8
collins_moonstone_88_d,collins_moonstone_73_d,178.0,6
collins_moonstone_88_d,christie_secretadversary_11_d,133.0,4
collins_moonstone_88_d,collins_moonstone_84_d,151.0,5
collins_moonstone_88_d,lewis_monk_7_g,141.0,5
collins_moonstone_88_d,doyle_adventures_9_d,112.0,4
collins_moonstone_88_d,stoker_dracula_9_g,115.0,4
collins_moonstone_88_d,collins_moonstone_60_d,163.0,5
collins_moonstone_88_d,collins_moonstone_76_d,201.0,6
collins_moonstone_88_d,collins_moonstone_65_d,217.0,7
doyle_adventures_1_d,doyle_adventures_11_d,117.0,4
doyle_adventures_1_d,doyle_adventures_8_d,119.0,4
doyle_adventures_1_d,reeve_oldenglishbaron,217.0,7
doyle_adventures_1_d,doyle_adventures_6_d,277.0,9
doyle_adventures_1_d,doyle_adventures_3_d,325.0,10
doyle_adventures_1_d,doyle_scarlet_3_d,192.0,6
doyle_adventures_1_d,doyle_scarlet_11_d,116.0,4
doyle_adventures_1_d,doyle_adventures_12_d,118.0,4
doyle_adventures_1_d,doyle_adventures_4_d,148.0,5
doyle_adventures_1_d,doyle_adventures_5_d,134.0,4
doyle_adventures_1_d,doyle_adventures_2_d,119.0,4
doyle_adventures_11_d,doyle_adventures_8_d,122.0,4
doyle_adventures_11_d,doyle_adventures_10_d,173.0,6
doyle_adventures_11_d,doyle_adventures_6_d,151.0,5
doyle_adventures_11_d,doyle_adventures_3_d,118.0,4
doyle_adventures_11_d,doyle_adventures_12_d,107.0,3
doyle_adventures_11_d,doyle_baskervilles_7_u,130.0,4
doyle_adventures_11_d,doyle_adventures_5_d,125.0,4
doyle_signoffour_2_d,doyle_adventures_5_d,119.0,4
doyle_signoffour_2_d,doyle_adventures_2_d,113.0,4
radcliffe_udolpho_43_g,radcliffe_udolpho_19_g,230.0,8
radcliffe_udolpho_43_g,radcliffe_udolpho_42_g,139.0,5
radcliffe_udolpho_43_g,radcliffe_udolpho_36_g,238.0,8
radcliffe_udolpho_43_g,radcliffe_udolpho_34_g,238.0,8
radcliffe_udolpho_43_g,radcliffe_udolpho_50_g,108.0,4
radcliffe_udolpho_43_g,radcliffe_udolpho_18_g,203.0,7
radcliffe_udolpho_43_g,radcliffe_udolpho_22_g,123.0,4
radcliffe_udolpho_43_g,radcliffe_udolpho_54_g,113.0,4
austen_northangerabbey_11_g,reeve_oldenglishbaron,203.0,7
austen_northangerabbey_25_g,reeve_oldenglishbaron,210.0,7
austen_northangerabbey_25_g,radcliffe_udolpho_19_g,114.0,4
stoker_dracula_17_g,stoker_dracula_27_g,227.0,8
stoker_dracula_17_g,stoker_dracula_22_g,145.0,5
stoker_dracula_17_g,stoker_dracula_13_g,336.0,9
stoker_dracula_17_g,stoker_dracula_19_g,114.0,4
stoker_dracula_17_g,stoker_dracula_14_g,284.0,8
stoker_dracula_17_g,stoker_dracula_26_g,390.0,13
stoker_dracula_17_g,stoker_dracula_18_g,192.0,5
stoker_dracula_17_g,stoker_dracula_11_g,271.0,7
stoker_dracula_17_g,stoker_dracula_10_g,116.0,3
stoker_dracula_17_g,stoker_dracula_12_g,172.0,5
stoker_dracula_17_g,stoker_dracula_24_g,209.0,7
stoker_dracula_17_g,stoker_dracula_9_g,159.0,5
doyle_adventures_8_d,doyle_adventures_10_d,143.0,5
doyle_adventures_8_d,doyle_adventures_6_d,243.0,8
doyle_adventures_8_d,doyle_adventures_3_d,243.0,7
doyle_adventures_8_d,doyle_signoffour_4_d,176.0,6
doyle_adventures_8_d,doyle_adventures_4_d,231.0,8
doyle_adventures_8_d,doyle_scarlet_5_d,158.0,5
doyle_adventures_8_d,christie_styles_5_d,111.0,4
doyle_adventures_8_d,doyle_adventures_5_d,183.0,6
doyle_adventures_8_d,doyle_adventures_2_d,245.0,8
doyle_adventures_8_d,doyle_signoffour_5_d,141.0,5
doyle_adventures_8_d,doyle_adventures_9_d,168.0,6
christie_secretadversary_20_d,christie_secretadversary_14_d,112.0,4
collins_moonstone_86_d,collins_moonstone_87_d,147.0,5
collins_moonstone_86_d,collins_moonstone_78_d,119.0,4
collins_moonstone_86_d,collins_moonstone_75_d,163.0,5
collins_moonstone_86_d,collins_moonstone_68_d,168.0,4
collins_moonstone_86_d,collins_moonstone_89_d,479.0,16
collins_moonstone_86_d,collins_moonstone_70_d,136.0,4
collins_moonstone_86_d,collins_moonstone_56_d,117.0,4
collins_moonstone_86_d,collins_moonstone_61_d,154.0,5
collins_moonstone_86_d,collins_moonstone_74_d,164.0,5
collins_moonstone_86_d,collins_moonstone_84_d,191.0,5
collins_moonstone_86_d,collins_moonstone_66_d,103.0,3
stoker_dracula_27_g,stoker_dracula_13_g,194.0,5
stoker_dracula_27_g,stoker_dracula_26_g,522.0,17
stoker_dracula_27_g,stoker_dracula_24_g,282.0,9
dickens_christmascarole_5_g,dickens_christmascarole_4_g,136.0,3
dickens_christmascarole_5_g,dickens_christmascarole_3_g,325.0,10
collins_moonstone_87_d,collins_moonstone_89_d,144.0,5
collins_moonstone_87_d,collins_moonstone_85_d,114.0,4
collins_moonstone_45_d,collins_moonstone_89_d,165.0,5
collins_hauntedhotel_28_u,collins_hauntedhotel_26_u,137.0,4
collins_moonstone_51_d,reeve_oldenglishbaron,162.0,6
collins_moonstone_51_d,collins_moonstone_47_d,116.0,4
radcliffe_udolpho_20_g,radcliffe_udolpho_19_g,751.0,25
radcliffe_udolpho_20_g,radcliffe_udolpho_32_g,124.0,4
radcliffe_udolpho_20_g,radcliffe_udolpho_30_g,207.0,7
radcliffe_udolpho_20_g,reeve_oldenglishbaron,336.0,12
radcliffe_udolpho_20_g,radcliffe_udolpho_38_g,174.0,6
radcliffe_udolpho_20_g,radcliffe_udolpho_17_g,175.0,6
radcliffe_udolpho_20_g,radcliffe_udolpho_9_g,124.0,4
radcliffe_udolpho_20_g,radcliffe_udolpho_24_g,151.0,5
radcliffe_udolpho_20_g,radcliffe_udolpho_23_g,266.0,9
radcliffe_udolpho_20_g,radcliffe_udolpho_29_g,213.0,7
radcliffe_udolpho_20_g,radcliffe_udolpho_55_g,116.0,4
radcliffe_udolpho_20_g,lewis_monk_2_g,117.0,4
radcliffe_udolpho_20_g,radcliffe_udolpho_26_g,186.0,6
radcliffe_udolpho_20_g,radcliffe_udolpho_1_g,144.0,5
radcliffe_udolpho_20_g,radcliffe_udolpho_16_g,309.0,11
radcliffe_udolpho_20_g,radcliffe_udolpho_25_g,429.0,15
radcliffe_udolpho_20_g,radcliffe_udolpho_33_g,435.0,14
radcliffe_udolpho_20_g,lewis_monk_4_g,111.0,4
radcliffe_udolpho_20_g,radcliffe_udolpho_18_g,618.0,20
radcliffe_udolpho_20_g,radcliffe_udolpho_13_g,372.0,13
radcliffe_udolpho_20_g,radcliffe_udolpho_48_g,200.0,7
radcliffe_udolpho_20_g,radcliffe_udolpho_22_g,522.0,18
radcliffe_udolpho_20_g,radcliffe_udolpho_4_g,244.0,7
radcliffe_udolpho_20_g,radcliffe_udolpho_10_g,119.0,4
radcliffe_udolpho_20_g,radcliffe_udolpho_12_g,179.0,6
radcliffe_udolpho_20_g,lewis_monk_1_g,115.0,4
radcliffe_udolpho_20_g,radcliffe_udolpho_27_g,174.0,6
radcliffe_udolpho_20_g,radcliffe_udolpho_54_g,204.0,7
stoker_dracula_4_g,stoker_dracula_19_g,143.0,5
stoker_dracula_4_g,stoker_dracula_2_g,127.0,4
stoker_dracula_4_g,stoker_dracula_1_g,169.0,6
christie_secretadversary_13_d,christie_secretadversary_12_d,151.0,5
christie_secretadversary_13_d,christie_secretadversary_18_d,113.0,4
christie_secretadversary_13_d,christie_secretadversary_25_d,110.0,4
christie_secretadversary_13_d,christie_secretadversary_14_d,155.0,5
christie_secretadversary_13_d,christie_secretadversary_11_d,157.0,5
christie_secretadversary_13_d,christie_secretadversary_19_d,113.0,4
collins_moonstone_78_d,collins_moonstone_69_d,118.0,4
collins_moonstone_78_d,collins_moonstone_89_d,578.0,20
collins_moonstone_78_d,collins_moonstone_77_d,145.0,5
collins_moonstone_78_d,collins_moonstone_70_d,203.0,7
collins_moonstone_78_d,collins_moonstone_67_d,220.0,7
collins_moonstone_78_d,collins_moonstone_50_d,132.0,4
collins_moonstone_78_d,collins_moonstone_76_d,171.0,6
collins_moonstone_78_d,collins_moonstone_65_d,168.0,6
stoker_dracula_22_g,stoker_dracula_13_g,148.0,5
stoker_dracula_22_g,stoker_dracula_19_g,153.0,5
stoker_dracula_22_g,stoker_dracula_23_g,129.0,4
stoker_dracula_22_g,stoker_dracula_20_g,155.0,5
radcliffe_udolpho_19_g,radcliffe_udolpho_42_g,188.0,6
radcliffe_udolpho_19_g,radcliffe_udolpho_32_g,198.0,7
radcliffe_udolpho_19_g,radcliffe_udolpho_30_g,372.0,12
radcliffe_udolpho_19_g,lewis_monk_11_g,116.0,4
radcliffe_udolpho_19_g,radcliffe_udolpho_44_g,255.0,9
radcliffe_udolpho_19_g,radcliffe_udolpho_38_g,478.0,16
radcliffe_udolpho_19_g,radcliffe_udolpho_51_g,187.0,6
radcliffe_udolpho_19_g,radcliffe_udolpho_5_g,138.0,5
radcliffe_udolpho_19_g,radcliffe_udolpho_17_g,143.0,5
radcliffe_udolpho_19_g,lewis_monk_3_g,117.0,4
radcliffe_udolpho_19_g,radcliffe_udolpho_24_g,285.0,9
radcliffe_udolpho_19_g,radcliffe_udolpho_23_g,759.0,26
radcliffe_udolpho_19_g,radcliffe_udolpho_29_g,175.0,6
radcliffe_udolpho_19_g,radcliffe_udolpho_55_g,314.0,10
radcliffe_udolpho_19_g,lewis_monk_2_g,137.0,5
radcliffe_udolpho_19_g,radcliffe_udolpho_26_g,476.0,16
radcliffe_udolpho_19_g,radcliffe_udolpho_1_g,223.0,8
radcliffe_udolpho_19_g,radcliffe_udolpho_6_g,293.0,10
radcliffe_udolpho_19_g,lewis_monk_9_g,182.0,6
radcliffe_udolpho_19_g,doyle_adventures_12_d,117.0,4
radcliffe_udolpho_19_g,radcliffe_udolpho_16_g,396.0,14
radcliffe_udolpho_19_g,radcliffe_udolpho_25_g,731.0,25
radcliffe_udolpho_19_g,radcliffe_udolpho_33_g,1006.0,34
radcliffe_udolpho_19_g,radcliffe_udolpho_2_g,112.0,4
radcliffe_udolpho_19_g,collins_moonstone_61_d,112.0,4
radcliffe_udolpho_19_g,radcliffe_udolpho_34_g,578.0,20
radcliffe_udolpho_19_g,christie_styles_5_d,117.0,4
radcliffe_udolpho_19_g,lewis_monk_4_g,202.0,7
radcliffe_udolpho_19_g,radcliffe_udolpho_50_g,407.0,13
radcliffe_udolpho_19_g,radcliffe_udolpho_18_g,984.0,33
radcliffe_udolpho_19_g,radcliffe_udolpho_13_g,383.0,12
radcliffe_udolpho_19_g,radcliffe_udolpho_3_g,124.0,4
radcliffe_udolpho_19_g,walpole_castleofotranto_1_g,171.0,6
radcliffe_udolpho_19_g,radcliffe_udolpho_48_g,462.0,16
radcliffe_udolpho_19_g,radcliffe_udolpho_22_g,689.0,23
radcliffe_udolpho_19_g,radcliffe_udolpho_4_g,267.0,9
radcliffe_udolpho_19_g,lewis_monk_7_g,126.0,4
radcliffe_udolpho_19_g,radcliffe_udolpho_10_g,291.0,10
radcliffe_udolpho_19_g,lewis_monk_8_g,147.0,5
radcliffe_udolpho_19_g,lewis_monk_6_g,175.0,6
radcliffe_udolpho_19_g,radcliffe_udolpho_12_g,344.0,12
radcliffe_udolpho_19_g,radcliffe_udolpho_27_g,221.0,7
radcliffe_udolpho_19_g,radcliffe_udolpho_14_g,118.0,4
radcliffe_udolpho_19_g,radcliffe_udolpho_54_g,320.0,11
radcliffe_udolpho_19_g,radcliffe_udolpho_35_g,119.0,4
radcliffe_udolpho_11_g,radcliffe_udolpho_6_g,119.0,4
radcliffe_udolpho_11_g,radcliffe_udolpho_12_g,208.0,7
collins_hauntedhotel_21_u,christie_styles_5_d,111.0,4
collins_hauntedhotel_21_u,lewis_monk_4_g,168.0,6
collins_moonstone_48_d,collins_moonstone_59_d,325.0,11
christie_secretadversary_27_d,christie_secretadversary_25_d,140.0,5
christie_secretadversary_27_d,christie_secretadversary_11_d,121.0,4
collins_moonstone_59_d,collins_moonstone_55_d,262.0,9
collins_moonstone_59_d,collins_moonstone_63_d,217.0,6
collins_moonstone_59_d,collins_moonstone_57_d,168.0,6
collins_moonstone_59_d,collins_moonstone_89_d,115.0,4
collins_moonstone_59_d,collins_moonstone_81_d,133.0,3
collins_moonstone_59_d,collins_moonstone_58_d,300.0,10
collins_moonstone_59_d,collins_moonstone_56_d,618.0,22
collins_moonstone_59_d,lewis_monk_4_g,112.0,4
collins_moonstone_59_d,collins_moonstone_62_d,273.0,9
collins_moonstone_59_d,collins_moonstone_66_d,261.0,9
collins_moonstone_59_d,collins_moonstone_60_d,330.0,11
collins_moonstone_59_d,collins_moonstone_65_d,272.0,9
poe_pitandpendulum_1_g,poe_usher_1_g,127.0,4
radcliffe_udolpho_42_g,radcliffe_udolpho_44_g,156.0,5
radcliffe_udolpho_42_g,radcliffe_udolpho_38_g,308.0,10
radcliffe_udolpho_42_g,radcliffe_udolpho_23_g,127.0,4
radcliffe_udolpho_42_g,radcliffe_udolpho_36_g,116.0,4
radcliffe_udolpho_42_g,radcliffe_udolpho_34_g,180.0,6
radcliffe_udolpho_42_g,radcliffe_udolpho_18_g,126.0,4
radcliffe_udolpho_42_g,radcliffe_udolpho_13_g,125.0,4
radcliffe_udolpho_42_g,radcliffe_udolpho_22_g,151.0,5
radcliffe_udolpho_42_g,radcliffe_udolpho_10_g,124.0,4
radcliffe_udolpho_42_g,radcliffe_udolpho_41_g,184.0,6
radcliffe_udolpho_42_g,radcliffe_udolpho_54_g,128.0,4
collins_moonstone_55_d,collins_moonstone_57_d,224.0,8
collins_moonstone_55_d,doyle_adventures_6_d,117.0,4
collins_moonstone_55_d,collins_moonstone_89_d,263.0,9
collins_moonstone_55_d,doyle_scarlet_13_d,144.0,5
collins_moonstone_55_d,collins_moonstone_56_d,1217.0,44
collins_moonstone_55_d,collins_moonstone_61_d,122.0,4
collins_moonstone_55_d,collins_moonstone_67_d,123.0,4
collins_moonstone_55_d,collins_moonstone_53_d,127.0,4
collins_moonstone_55_d,collins_moonstone_62_d,222.0,8
collins_moonstone_55_d,collins_moonstone_50_d,261.0,9
collins_moonstone_55_d,collins_moonstone_60_d,351.0,12
collins_moonstone_55_d,collins_moonstone_49_d,119.0,4
collins_moonstone_55_d,collins_moonstone_65_d,260.0,9
radcliffe_udolpho_32_g,radcliffe_udolpho_30_g,119.0,4
radcliffe_udolpho_32_g,radcliffe_udolpho_23_g,202.0,6
radcliffe_udolpho_32_g,radcliffe_udolpho_33_g,116.0,4
radcliffe_udolpho_32_g,radcliffe_udolpho_50_g,127.0,4
radcliffe_udolpho_32_g,radcliffe_udolpho_18_g,203.0,7
doyle_signoffour_12_d,doyle_adventures_10_d,183.0,6
doyle_signoffour_12_d,doyle_adventures_6_d,120.0,4
doyle_signoffour_12_d,reeve_oldenglishbaron,162.0,6
doyle_signoffour_12_d,doyle_signoffour_6_d,114.0,4
doyle_signoffour_12_d,doyle_adventures_2_d,155.0,5
doyle_baskervilles_5_u,doyle_adventures_12_d,139.0,5
doyle_baskervilles_5_u,doyle_baskervilles_7_u,114.0,4
doyle_baskervilles_5_u,doyle_baskervilles_4_u,210.0,6
collins_moonstone_54_d,collins_moonstone_89_d,224.0,8
collins_moonstone_54_d,collins_moonstone_76_d,114.0,4
collins_moonstone_54_d,collins_moonstone_49_d,140.49152542372883,5
radcliffe_udolpho_30_g,radcliffe_udolpho_38_g,110.0,4
radcliffe_udolpho_30_g,radcliffe_udolpho_51_g,112.0,4
radcliffe_udolpho_30_g,radcliffe_udolpho_9_g,120.0,4
radcliffe_udolpho_30_g,radcliffe_udolpho_23_g,157.0,5
radcliffe_udolpho_30_g,radcliffe_udolpho_29_g,183.0,6
radcliffe_udolpho_30_g,radcliffe_udolpho_26_g,173.0,6
radcliffe_udolpho_30_g,radcliffe_udolpho_1_g,105.0,3
radcliffe_udolpho_30_g,radcliffe_udolpho_6_g,264.0,9
radcliffe_udolpho_30_g,radcliffe_udolpho_16_g,380.0,13
radcliffe_udolpho_30_g,radcliffe_udolpho_25_g,124.0,4
radcliffe_udolpho_30_g,radcliffe_udolpho_33_g,421.0,14
radcliffe_udolpho_30_g,radcliffe_udolpho_36_g,116.0,4
radcliffe_udolpho_30_g,radcliffe_udolpho_34_g,155.0,5
radcliffe_udolpho_30_g,radcliffe_udolpho_18_g,383.0,13
radcliffe_udolpho_30_g,radcliffe_udolpho_13_g,129.0,4
radcliffe_udolpho_30_g,radcliffe_udolpho_48_g,164.0,5
radcliffe_udolpho_30_g,radcliffe_udolpho_22_g,149.0,5
radcliffe_udolpho_30_g,radcliffe_udolpho_4_g,213.0,7
radcliffe_udolpho_30_g,radcliffe_udolpho_10_g,171.0,6
christie_styles_7_d,poe_marieroget_1_d,111.0,4
christie_styles_7_d,christie_styles_13_d,163.0,5
christie_styles_7_d,christie_styles_6_d,116.0,4
christie_styles_7_d,christie_styles_5_d,257.0,8
christie_styles_7_d,christie_styles_8_d,126.0,4
lewis_monk_11_g,radcliffe_udolpho_38_g,110.0,4
lewis_monk_11_g,lewis_monk_12_g,154.0,5
lewis_monk_11_g,lewis_monk_3_g,457.0,15
lewis_monk_11_g,lewis_monk_2_g,617.0,21
lewis_monk_11_g,lewis_monk_9_g,724.0,23
lewis_monk_11_g,lewis_monk_4_g,434.0,15
lewis_monk_11_g,lewis_monk_10_g,410.0,14
lewis_monk_11_g,lewis_monk_7_g,195.0,6
lewis_monk_11_g,lewis_monk_8_g,358.0,12
lewis_monk_11_g,lewis_monk_5_g,260.0,9
lewis_monk_11_g,lewis_monk_6_g,463.0,16
lewis_monk_11_g,radcliffe_udolpho_12_g,148.0,5
lewis_monk_11_g,lewis_monk_1_g,200.0,7
radcliffe_udolpho_44_g,radcliffe_udolpho_56_g,125.0,4
radcliffe_udolpho_44_g,radcliffe_udolpho_52_g,202.0,7
radcliffe_udolpho_44_g,radcliffe_udolpho_23_g,171.0,6
radcliffe_udolpho_44_g,radcliffe_udolpho_55_g,225.0,8
radcliffe_udolpho_44_g,radcliffe_udolpho_1_g,150.0,5
radcliffe_udolpho_44_g,radcliffe_udolpho_6_g,143.0,5
radcliffe_udolpho_44_g,radcliffe_udolpho_33_g,179.0,6
radcliffe_udolpho_44_g,radcliffe_udolpho_50_g,123.0,4
radcliffe_udolpho_44_g,radcliffe_udolpho_4_g,124.0,4
radcliffe_udolpho_44_g,radcliffe_udolpho_54_g,210.0,7
radcliffe_udolpho_44_g,radcliffe_udolpho_35_g,119.0,4
christie_secretadversary_12_d,christie_secretadversary_25_d,111.0,4
christie_secretadversary_12_d,christie_secretadversary_10_d,202.0,7
christie_secretadversary_12_d,christie_secretadversary_24_d,183.0,5
doyle_scarlet_6_d,doyle_scarlet_14_d,113.0,4
stoker_dracula_13_g,stoker_dracula_14_g,164.0,5
stoker_dracula_13_g,stoker_dracula_26_g,115.0,4
stoker_dracula_13_g,stoker_dracula_11_g,149.0,4
stoker_dracula_13_g,stoker_dracula_12_g,152.0,5
shelley_frankenstein_45_g,reeve_oldenglishbaron,162.0,6
collins_moonstone_71_d,collins_moonstone_75_d,146.0,5
collins_moonstone_71_d,collins_moonstone_68_d,186.0,5
collins_moonstone_71_d,collins_moonstone_74_d,244.0,7
collins_moonstone_71_d,collins_moonstone_72_d,215.0,7
doyle_adventures_10_d,doyle_adventures_3_d,176.0,6
doyle_adventures_10_d,doyle_scarlet_3_d,114.0,4
doyle_adventures_10_d,doyle_adventures_12_d,121.0,4
doyle_adventures_10_d,doyle_adventures_4_d,172.0,6
doyle_adventures_10_d,doyle_adventures_2_d,180.0,6
collins_moonstone_57_d,collins_moonstone_89_d,124.0,4
collins_moonstone_57_d,collins_moonstone_58_d,260.0,9
collins_moonstone_57_d,collins_moonstone_56_d,414.0,14
collins_moonstone_57_d,collins_moonstone_61_d,128.0,4
collins_moonstone_57_d,collins_moonstone_62_d,145.0,5
collins_moonstone_57_d,collins_moonstone_60_d,136.0,5
collins_moonstone_57_d,collins_moonstone_65_d,230.0,8
walpole_castleofotranto_2_g,reeve_oldenglishbaron,162.0,6
walpole_castleofotranto_2_g,walpole_castleofotranto_3_g,251.0,8
walpole_castleofotranto_2_g,walpole_castleofotranto_4_g,182.0,6
walpole_castleofotranto_2_g,walpole_castleofotranto_1_g,456.0,16
walpole_castleofotranto_2_g,walpole_castleofotranto_5_g,173.0,6
doyle_adventures_6_d,doyle_adventures_3_d,215.0,7
doyle_adventures_6_d,doyle_adventures_12_d,220.0,8
doyle_adventures_6_d,doyle_adventures_4_d,232.0,8
doyle_adventures_6_d,doyle_adventures_5_d,153.0,5
doyle_adventures_6_d,doyle_adventures_2_d,155.0,5
doyle_adventures_6_d,doyle_scarlet_1_d,112.0,4
radcliffe_udolpho_56_g,radcliffe_udolpho_23_g,153.0,5
radcliffe_udolpho_56_g,radcliffe_udolpho_16_g,154.0,5
radcliffe_udolpho_56_g,radcliffe_udolpho_36_g,121.0,4
radcliffe_udolpho_56_g,radcliffe_udolpho_34_g,109.0,4
radcliffe_udolpho_56_g,radcliffe_udolpho_50_g,113.0,4
radcliffe_udolpho_56_g,radcliffe_udolpho_12_g,212.0,7
radcliffe_udolpho_56_g,radcliffe_udolpho_54_g,117.0,4
radcliffe_udolpho_38_g,radcliffe_udolpho_17_g,210.0,7
radcliffe_udolpho_38_g,radcliffe_udolpho_52_g,123.0,4
radcliffe_udolpho_38_g,radcliffe_udolpho_24_g,111.0,4
radcliffe_udolpho_38_g,radcliffe_udolpho_7_g,122.0,3
radcliffe_udolpho_38_g,radcliffe_udolpho_39_g,231.0,6
radcliffe_udolpho_38_g,radcliffe_udolpho_23_g,186.0,6
radcliffe_udolpho_38_g,radcliffe_udolpho_55_g,154.0,5
radcliffe_udolpho_38_g,radcliffe_udolpho_46_g,152.0,5
radcliffe_udolpho_38_g,radcliffe_udolpho_6_g,172.0,5
radcliffe_udolpho_38_g,radcliffe_udolpho_16_g,281.0,9
radcliffe_udolpho_38_g,radcliffe_udolpho_25_g,113.0,4
radcliffe_udolpho_38_g,radcliffe_udolpho_33_g,168.0,6
radcliffe_udolpho_38_g,radcliffe_udolpho_36_g,348.0,11
radcliffe_udolpho_38_g,radcliffe_udolpho_34_g,111.0,4
radcliffe_udolpho_38_g,radcliffe_udolpho_18_g,173.0,5
radcliffe_udolpho_38_g,radcliffe_udolpho_13_g,142.0,4
radcliffe_udolpho_38_g,radcliffe_udolpho_48_g,390.0,13
radcliffe_udolpho_38_g,radcliffe_udolpho_10_g,358.0,12
radcliffe_udolpho_38_g,lewis_monk_5_g,141.0,5
radcliffe_udolpho_38_g,radcliffe_udolpho_12_g,434.0,15
radcliffe_udolpho_38_g,radcliffe_udolpho_49_g,107.0,3
radcliffe_udolpho_38_g,radcliffe_udolpho_47_g,281.0,9
radcliffe_udolpho_38_g,radcliffe_udolpho_54_g,525.0,18
radcliffe_udolpho_38_g,radcliffe_udolpho_35_g,208.0,6
doyle_signoffour_9_d,doyle_signoffour_8_d,131.0,3
doyle_signoffour_9_d,doyle_adventures_12_d,114.0,4
collins_moonstone_75_d,collins_moonstone_69_d,241.0,8
collins_moonstone_75_d,collins_moonstone_89_d,275.0,9
collins_moonstone_75_d,collins_moonstone_79_d,130.0,4
collins_moonstone_75_d,collins_moonstone_70_d,204.0,6
collins_moonstone_75_d,collins_moonstone_85_d,108.0,4
collins_moonstone_75_d,collins_moonstone_74_d,436.0,12
collins_moonstone_75_d,collins_moonstone_72_d,170.0,6
collins_moonstone_75_d,collins_moonstone_76_d,187.0,6
lewis_monk_12_g,lewis_monk_3_g,116.0,4
lewis_monk_12_g,reeve_oldenglishbaron,275.0,10
lewis_monk_12_g,lewis_monk_2_g,263.0,9
lewis_monk_12_g,lewis_monk_9_g,113.0,4
lewis_monk_12_g,lewis_monk_4_g,264.0,9
lewis_monk_12_g,lewis_monk_7_g,182.0,5
lewis_monk_12_g,lewis_monk_5_g,135.0,5
lewis_monk_12_g,lewis_monk_6_g,114.0,4
collins_hauntedhotel_17_u,collins_hauntedhotel_20_u,134.0,4
radcliffe_udolpho_51_g,radcliffe_udolpho_39_g,169.0,5
radcliffe_udolpho_51_g,radcliffe_udolpho_23_g,195.0,7
radcliffe_udolpho_51_g,radcliffe_udolpho_29_g,113.0,4
radcliffe_udolpho_51_g,radcliffe_udolpho_16_g,110.0,4
radcliffe_udolpho_51_g,radcliffe_udolpho_33_g,121.0,4
radcliffe_udolpho_51_g,lewis_monk_4_g,111.0,4
radcliffe_udolpho_51_g,radcliffe_udolpho_18_g,165.0,6
radcliffe_udolpho_51_g,radcliffe_udolpho_13_g,174.0,6
radcliffe_udolpho_51_g,radcliffe_udolpho_48_g,179.0,6
radcliffe_udolpho_51_g,radcliffe_udolpho_22_g,114.0,4
radcliffe_udolpho_51_g,radcliffe_udolpho_12_g,323.0,11
radcliffe_udolpho_51_g,radcliffe_udolpho_41_g,170.0,6
radcliffe_udolpho_5_g,radcliffe_udolpho_6_g,161.0,5
radcliffe_udolpho_5_g,radcliffe_udolpho_25_g,138.0,5
radcliffe_udolpho_5_g,lewis_monk_4_g,109.0,4
radcliffe_udolpho_5_g,radcliffe_udolpho_4_g,114.0,4
radcliffe_udolpho_5_g,radcliffe_udolpho_12_g,147.0,5
christie_secretadversary_18_d,collins_moonstone_89_d,110.0,4
christie_secretadversary_18_d,christie_styles_13_d,114.0,4
radcliffe_udolpho_17_g,radcliffe_udolpho_7_g,112.0,2
radcliffe_udolpho_17_g,radcliffe_udolpho_39_g,118.0,4
radcliffe_udolpho_17_g,radcliffe_udolpho_23_g,230.0,8
radcliffe_udolpho_17_g,radcliffe_udolpho_29_g,166.0,6
radcliffe_udolpho_17_g,radcliffe_udolpho_26_g,118.0,4
radcliffe_udolpho_17_g,radcliffe_udolpho_16_g,285.0,9
radcliffe_udolpho_17_g,radcliffe_udolpho_36_g,109.0,4
radcliffe_udolpho_17_g,radcliffe_udolpho_13_g,275.0,9
radcliffe_udolpho_17_g,radcliffe_udolpho_48_g,225.0,7
radcliffe_udolpho_17_g,radcliffe_udolpho_22_g,136.0,5
radcliffe_udolpho_17_g,radcliffe_udolpho_12_g,202.0,7
radcliffe_udolpho_9_g,radcliffe_udolpho_1_g,128.0,4
collins_moonstone_68_d,collins_moonstone_69_d,344.0,11
collins_moonstone_68_d,collins_moonstone_89_d,146.0,5
collins_moonstone_68_d,collins_moonstone_70_d,233.0,8
collins_moonstone_68_d,collins_moonstone_74_d,175.0,6
stoker_dracula_5_g,stoker_dracula_9_g,194.0,6
collins_hauntedhotel_24_u,reeve_oldenglishbaron,155.0,5
doyle_adventures_3_d,doyle_signoffour_1_d,119.0,4
doyle_adventures_3_d,doyle_adventures_12_d,254.0,9
doyle_adventures_3_d,doyle_adventures_4_d,188.0,6
doyle_adventures_3_d,doyle_adventures_5_d,147.0,5
doyle_adventures_3_d,doyle_adventures_2_d,266.0,9
doyle_adventures_3_d,doyle_baskervilles_2_u,153.0,5
doyle_baskervilles_13_u,doyle_adventures_12_d,118.0,4
doyle_baskervilles_13_u,doyle_baskervilles_12_u,123.0,4
doyle_baskervilles_13_u,doyle_baskervilles_11_u,129.0,4
doyle_baskervilles_13_u,doyle_baskervilles_4_u,109.0,4
doyle_baskervilles_13_u,doyle_baskervilles_2_u,143.0,5
shelley_frankenstein_30_g,reeve_oldenglishbaron,155.0,5
radcliffe_udolpho_52_g,radcliffe_udolpho_23_g,184.0,6
radcliffe_udolpho_52_g,reeve_oldenglishbaron,285.0,10
radcliffe_udolpho_52_g,radcliffe_udolpho_6_g,119.0,4
radcliffe_udolpho_52_g,radcliffe_udolpho_33_g,171.0,6
radcliffe_udolpho_52_g,radcliffe_udolpho_34_g,131.0,4
radcliffe_udolpho_52_g,radcliffe_udolpho_50_g,110.0,3
radcliffe_udolpho_52_g,radcliffe_udolpho_13_g,208.0,7
radcliffe_udolpho_52_g,radcliffe_udolpho_48_g,171.0,6
radcliffe_udolpho_52_g,radcliffe_udolpho_49_g,119.0,4
radcliffe_udolpho_52_g,radcliffe_udolpho_41_g,123.0,4
radcliffe_udolpho_52_g,radcliffe_udolpho_54_g,264.0,9
stoker_dracula_19_g,stoker_dracula_26_g,146.0,4
stoker_dracula_19_g,stoker_dracula_25_g,103.0,3
stoker_dracula_19_g,stoker_dracula_20_g,150.0,4
stoker_dracula_19_g,stoker_dracula_24_g,158.0,5
stoker_dracula_19_g,stoker_dracula_21_g,130.0,4
stoker_dracula_14_g,stoker_dracula_26_g,176.0,6
stoker_dracula_14_g,stoker_dracula_18_g,147.0,5
stoker_dracula_14_g,stoker_dracula_24_g,120.0,4
stoker_dracula_14_g,stoker_dracula_9_g,138.0,3
lewis_monk_3_g,reeve_oldenglishbaron,540.0,20
lewis_monk_3_g,lewis_monk_2_g,188.0,6
lewis_monk_3_g,lewis_monk_9_g,356.0,12
lewis_monk_3_g,lewis_monk_4_g,1192.0,40
lewis_monk_3_g,radcliffe_udolpho_50_g,141.0,5
lewis_monk_3_g,lewis_monk_10_g,186.0,6
lewis_monk_3_g,lewis_monk_7_g,261.0,9
lewis_monk_3_g,lewis_monk_8_g,324.0,11
lewis_monk_3_g,lewis_monk_5_g,508.0,18
lewis_monk_3_g,lewis_monk_6_g,210.0,7
lewis_monk_3_g,lewis_monk_1_g,216.0,7
radcliffe_udolpho_24_g,radcliffe_udolpho_23_g,290.0,9
radcliffe_udolpho_24_g,radcliffe_udolpho_26_g,175.0,6
radcliffe_udolpho_24_g,radcliffe_udolpho_16_g,171.0,6
radcliffe_udolpho_24_g,radcliffe_udolpho_25_g,274.0,9
radcliffe_udolpho_24_g,radcliffe_udolpho_33_g,291.0,10
radcliffe_udolpho_24_g,radcliffe_udolpho_18_g,205.0,7
radcliffe_udolpho_24_g,radcliffe_udolpho_48_g,179.0,6
radcliffe_udolpho_24_g,radcliffe_udolpho_22_g,176.0,6
radcliffe_udolpho_24_g,radcliffe_udolpho_12_g,118.0,4
radcliffe_udolpho_24_g,radcliffe_udolpho_27_g,181.0,6
collins_moonstone_69_d,collins_moonstone_89_d,158.0,5
stoker_dracula_26_g,stoker_dracula_23_g,231.0,7
stoker_dracula_26_g,stoker_dracula_25_g,517.0,17
stoker_dracula_26_g,stoker_dracula_18_g,122.0,4
stoker_dracula_26_g,stoker_dracula_24_g,533.0,16
doyle_scarlet_14_d,doyle_scarlet_3_d,278.0,5
doyle_scarlet_14_d,doyle_scarlet_4_d,167.0,5
collins_moonstone_89_d,radcliffe_udolpho_23_g,154.0,5
collins_moonstone_89_d,collins_moonstone_79_d,251.0,7
collins_moonstone_89_d,poe_marieroget_1_d,181.0,6
collins_moonstone_89_d,reeve_oldenglishbaron,140.0,5
collins_moonstone_89_d,collins_moonstone_47_d,230.0,7
collins_moonstone_89_d,collins_moonstone_58_d,146.0,5
collins_moonstone_89_d,collins_moonstone_70_d,323.0,11
collins_moonstone_89_d,collins_hauntedhotel_26_u,121.0,4
collins_moonstone_89_d,collins_moonstone_56_d,218.0,5
collins_moonstone_89_d,collins_moonstone_61_d,195.0,7
collins_moonstone_89_d,doyle_adventures_4_d,177.0,6
collins_moonstone_89_d,collins_moonstone_67_d,165.0,6
collins_moonstone_89_d,lewis_monk_4_g,199.0,7
collins_moonstone_89_d,collins_moonstone_74_d,277.0,10
collins_moonstone_89_d,dickens_christmascarole_1_g,157.0,5
collins_moonstone_89_d,collins_moonstone_84_d,179.0,6
collins_moonstone_89_d,christie_secretadversary_3_d,163.0,5
collins_moonstone_89_d,collins_moonstone_53_d,255.0,9
collins_moonstone_89_d,collins_moonstone_62_d,210.0,7
collins_moonstone_89_d,doyle_adventures_9_d,142.0,5
collins_moonstone_89_d,lewis_monk_1_g,130.0,4
collins_moonstone_89_d,collins_moonstone_50_d,203.0,7
collins_moonstone_89_d,collins_moonstone_66_d,148.0,5
collins_moonstone_89_d,collins_moonstone_60_d,257.0,9
collins_moonstone_89_d,collins_moonstone_76_d,535.0,18
collins_moonstone_89_d,collins_moonstone_49_d,170.0,6
collins_moonstone_89_d,doyle_scarlet_8_d,177.0,6
collins_moonstone_89_d,collins_moonstone_65_d,315.0,11
collins_moonstone_89_d,collins_moonstone_52_d,211.0,7
collins_moonstone_89_d,radcliffe_udolpho_35_g,138.0,5
radcliffe_udolpho_7_g,radcliffe_udolpho_29_g,115.0,4
radcliffe_udolpho_7_g,reeve_oldenglishbaron,155.0,5
radcliffe_udolpho_7_g,radcliffe_udolpho_16_g,116.0,4
radcliffe_udolpho_7_g,radcliffe_udolpho_10_g,122.0,4
collins_moonstone_81_d,collins_moonstone_85_d,145.0,5
collins_moonstone_81_d,collins_moonstone_56_d,623.0,6
collins_moonstone_81_d,collins_moonstone_67_d,199.0,7
collins_moonstone_81_d,collins_moonstone_84_d,205.0,7
collins_moonstone_81_d,collins_moonstone_76_d,117.0,4
poe_usher_1_g,poe_marieroget_1_d,176.0,6
radcliffe_udolpho_39_g,radcliffe_udolpho_6_g,170.0,6
radcliffe_udolpho_39_g,radcliffe_udolpho_16_g,196.0,7
radcliffe_udolpho_39_g,radcliffe_udolpho_33_g,154.0,5
radcliffe_udolpho_39_g,radcliffe_udolpho_18_g,163.0,5
radcliffe_udolpho_39_g,radcliffe_udolpho_13_g,124.0,4
radcliffe_udolpho_39_g,radcliffe_udolpho_48_g,148.0,5
radcliffe_udolpho_39_g,radcliffe_udolpho_12_g,111.0,4
shelley_frankenstein_34_g,poe_marieroget_1_d,143.0,5
christie_secretadversary_25_d,christie_secretadversary_26_d,116.0,3
christie_secretadversary_25_d,christie_secretadversary_19_d,142.0,5
shelley_frankenstein_52_g,shelley_frankenstein_54_g,134.0,3
shelley_frankenstein_52_g,shelley_frankenstein_49_g,101.0,3
austen_northangerabbey_15_g,reeve_oldenglishbaron,140.0,5
radcliffe_udolpho_23_g,poe_marieroget_1_d,114.0,4
radcliffe_udolpho_23_g,radcliffe_udolpho_26_g,402.0,14
radcliffe_udolpho_23_g,radcliffe_udolpho_6_g,123.0,4
radcliffe_udolpho_23_g,lewis_monk_9_g,126.0,4
radcliffe_udolpho_23_g,radcliffe_udolpho_16_g,299.0,10
radcliffe_udolpho_23_g,radcliffe_udolpho_25_g,361.0,12
radcliffe_udolpho_23_g,radcliffe_udolpho_33_g,357.0,12
radcliffe_udolpho_23_g,radcliffe_udolpho_36_g,124.0,4
radcliffe_udolpho_23_g,radcliffe_udolpho_34_g,232.0,8
radcliffe_udolpho_23_g,radcliffe_udolpho_18_g,493.0,15
radcliffe_udolpho_23_g,radcliffe_udolpho_13_g,286.0,10
radcliffe_udolpho_23_g,radcliffe_udolpho_48_g,378.0,13
radcliffe_udolpho_23_g,radcliffe_udolpho_22_g,409.0,13
radcliffe_udolpho_23_g,radcliffe_udolpho_12_g,320.0,11
radcliffe_udolpho_23_g,radcliffe_udolpho_27_g,144.0,5
radcliffe_udolpho_23_g,radcliffe_udolpho_14_g,109.0,4
radcliffe_udolpho_23_g,radcliffe_udolpho_35_g,115.0,4
collins_moonstone_79_d,collins_moonstone_67_d,512.4000000000001,6
collins_moonstone_79_d,collins_moonstone_76_d,148.0,5
poe_marieroget_1_d,reeve_oldenglishbaron,310.0,10
poe_marieroget_1_d,doyle_scarlet_3_d,140.0,5
poe_marieroget_1_d,radcliffe_udolpho_1_g,119.0,4
poe_marieroget_1_d,austen_northangerabbey_28_g,145.0,5
poe_marieroget_1_d,doyle_adventures_5_d,176.0,6
poe_marieroget_1_d,shelley_frankenstein_40_g,184.0,6
poe_marieroget_1_d,lewis_monk_7_g,102.0,3
radcliffe_udolpho_29_g,radcliffe_udolpho_26_g,177.0,6
radcliffe_udolpho_29_g,radcliffe_udolpho_16_g,182.0,6
radcliffe_udolpho_29_g,radcliffe_udolpho_25_g,138.0,4
radcliffe_udolpho_29_g,radcliffe_udolpho_33_g,296.0,10
radcliffe_udolpho_29_g,radcliffe_udolpho_18_g,142.0,5
radcliffe_udolpho_29_g,radcliffe_udolpho_27_g,297.0,9
doyle_signoffour_6_d,doyle_adventures_2_d,182.0,6
doyle_signoffour_6_d,doyle_adventures_9_d,118.0,4
collins_hauntedhotel_20_u,reeve_oldenglishbaron,112.0,4
collins_hauntedhotel_20_u,collins_hauntedhotel_11_u,154.0,4
shelley_frankenstein_55_g,reeve_oldenglishbaron,108.0,4
shelley_frankenstein_55_g,shelley_frankenstein_53_g,148.0,5
doyle_scarlet_3_d,doyle_scarlet_2_d,115.0,4
radcliffe_udolpho_55_g,radcliffe_udolpho_6_g,115.0,4
radcliffe_udolpho_55_g,radcliffe_udolpho_2_g,114.0,4
radcliffe_udolpho_55_g,radcliffe_udolpho_57_g,110.0,3
radcliffe_udolpho_55_g,radcliffe_udolpho_10_g,182.0,6
radcliffe_udolpho_55_g,radcliffe_udolpho_41_g,137.0,5
radcliffe_udolpho_55_g,radcliffe_udolpho_47_g,308.0,10
radcliffe_udolpho_55_g,radcliffe_udolpho_54_g,639.0,21
collins_moonstone_47_d,collins_moonstone_49_d,339.0,5
lewis_monk_2_g,lewis_monk_9_g,439.0,14
lewis_monk_2_g,reeve_oldenglishbaron,108.0,4
lewis_monk_2_g,radcliffe_udolpho_16_g,140.0,5
lewis_monk_2_g,radcliffe_udolpho_25_g,116.0,4
lewis_monk_2_g,lewis_monk_4_g,780.0,26
lewis_monk_2_g,lewis_monk_10_g,425.0,14
lewis_monk_2_g,lewis_monk_7_g,284.0,9
lewis_monk_2_g,lewis_monk_8_g,175.0,6
lewis_monk_2_g,lewis_monk_5_g,293.0,10
lewis_monk_2_g,lewis_monk_6_g,355.0,12
lewis_monk_2_g,lewis_monk_1_g,392.0,14
christie_styles_9_d,christie_styles_10_d,197.0,6
christie_styles_9_d,christie_styles_13_d,118.0,4
christie_styles_9_d,christie_styles_5_d,243.0,8
christie_styles_9_d,christie_styles_12_d,148.0,5
christie_styles_9_d,christie_styles_8_d,239.0,6
christie_styles_9_d,christie_styles_4_d,145.0,5
radcliffe_udolpho_46_g,radcliffe_udolpho_16_g,120.0,4
radcliffe_udolpho_46_g,radcliffe_udolpho_54_g,118.0,4
doyle_baskervilles_3_u,doyle_baskervilles_11_u,112.0,4
doyle_baskervilles_3_u,doyle_baskervilles_7_u,110.0,4
doyle_baskervilles_3_u,doyle_baskervilles_15_u,122.0,4
stoker_dracula_23_g,stoker_dracula_18_g,115.0,4
stoker_dracula_23_g,stoker_dracula_12_g,151.0,5
stoker_dracula_23_g,stoker_dracula_24_g,263.0,8
stoker_dracula_23_g,stoker_dracula_21_g,156.0,5
stoker_dracula_25_g,stoker_dracula_18_g,160.0,5
stoker_dracula_25_g,stoker_dracula_10_g,109.0,4
stoker_dracula_25_g,stoker_dracula_20_g,109.0,3
stoker_dracula_25_g,stoker_dracula_24_g,430.0,13
stoker_dracula_25_g,stoker_dracula_3_g,326.10333333333335,1
stoker_dracula_25_g,stoker_dracula_9_g,110.0,4
stoker_dracula_25_g,stoker_dracula_16_g,103.0,3
walpole_castleofotranto_3_g,walpole_castleofotranto_4_g,234.0,8
walpole_castleofotranto_3_g,walpole_castleofotranto_1_g,367.0,12
walpole_castleofotranto_3_g,walpole_castleofotranto_5_g,142.0,5
walpole_castleofotranto_3_g,lewis_monk_6_g,110.0,4
doyle_scarlet_11_d,doyle_scarlet_12_d,114.0,4
radcliffe_udolpho_26_g,radcliffe_udolpho_16_g,139.0,5
radcliffe_udolpho_26_g,radcliffe_udolpho_25_g,451.0,15
radcliffe_udolpho_26_g,radcliffe_udolpho_33_g,382.0,11
radcliffe_udolpho_26_g,radcliffe_udolpho_50_g,143.0,5
radcliffe_udolpho_26_g,radcliffe_udolpho_18_g,232.0,8
radcliffe_udolpho_26_g,radcliffe_udolpho_48_g,145.0,5
radcliffe_udolpho_26_g,radcliffe_udolpho_10_g,120.0,4
radcliffe_udolpho_1_g,radcliffe_udolpho_6_g,235.0,8
radcliffe_udolpho_1_g,radcliffe_udolpho_16_g,149.0,5
radcliffe_udolpho_1_g,radcliffe_udolpho_2_g,185.0,6
radcliffe_udolpho_1_g,radcliffe_udolpho_34_g,186.0,6
radcliffe_udolpho_1_g,radcliffe_udolpho_50_g,313.0,10
radcliffe_udolpho_1_g,radcliffe_udolpho_3_g,143.0,5
radcliffe_udolpho_1_g,radcliffe_udolpho_4_g,116.0,4
radcliffe_udolpho_1_g,radcliffe_udolpho_10_g,146.0,5
radcliffe_udolpho_1_g,radcliffe_udolpho_12_g,163.0,5
collins_moonstone_58_d,reeve_oldenglishbaron,116.0,4
collins_moonstone_58_d,collins_moonstone_56_d,112.0,4
collins_moonstone_58_d,collins_moonstone_61_d,120.0,4
collins_moonstone_58_d,collins_moonstone_62_d,112.0,3
collins_moonstone_58_d,collins_moonstone_66_d,220.0,8
collins_moonstone_58_d,collins_moonstone_60_d,362.0,12
collins_moonstone_58_d,collins_moonstone_65_d,155.0,5
radcliffe_udolpho_6_g,radcliffe_udolpho_16_g,139.0,5
radcliffe_udolpho_6_g,radcliffe_udolpho_25_g,150.0,5
radcliffe_udolpho_6_g,radcliffe_udolpho_33_g,212.0,7
radcliffe_udolpho_6_g,radcliffe_udolpho_15_g,159.0,5
radcliffe_udolpho_6_g,radcliffe_udolpho_34_g,175.0,6
radcliffe_udolpho_6_g,lewis_monk_4_g,113.0,4
radcliffe_udolpho_6_g,radcliffe_udolpho_50_g,141.0,5
radcliffe_udolpho_6_g,radcliffe_udolpho_18_g,155.0,5
radcliffe_udolpho_6_g,radcliffe_udolpho_3_g,170.0,6
radcliffe_udolpho_6_g,radcliffe_udolpho_48_g,145.0,5
radcliffe_udolpho_6_g,radcliffe_udolpho_4_g,343.0,11
radcliffe_udolpho_6_g,radcliffe_udolpho_10_g,184.0,6
radcliffe_udolpho_6_g,radcliffe_udolpho_12_g,116.0,4
radcliffe_udolpho_6_g,radcliffe_udolpho_27_g,100.0,3
radcliffe_udolpho_6_g,radcliffe_udolpho_54_g,164.0,5
radcliffe_udolpho_6_g,radcliffe_udolpho_35_g,364.0,12
christie_styles_10_d,christie_styles_11_d,231.0,7
christie_styles_10_d,christie_styles_5_d,159.0,5
christie_styles_10_d,christie_styles_12_d,155.0,5
christie_styles_10_d,christie_styles_8_d,207.0,7
christie_styles_10_d,christie_styles_4_d,175.0,6
lewis_monk_9_g,lewis_monk_4_g,748.0,25
lewis_monk_9_g,lewis_monk_10_g,449.0,15
lewis_monk_9_g,lewis_monk_7_g,306.0,10
lewis_monk_9_g,lewis_monk_8_g,554.0,18
lewis_monk_9_g,lewis_monk_5_g,320.0,11
lewis_monk_9_g,lewis_monk_6_g,421.0,13
lewis_monk_9_g,lewis_monk_1_g,425.0,15
christie_styles_13_d,doyle_scarlet_13_d,114.0,4
christie_styles_13_d,christie_styles_11_d,327.0,10
christie_styles_13_d,christie_styles_5_d,182.0,6
christie_styles_13_d,christie_styles_12_d,383.0,13
christie_styles_13_d,christie_styles_4_d,117.0,4
collins_moonstone_77_d,collins_moonstone_76_d,101.0,3
doyle_baskervilles_6_u,doyle_adventures_12_d,113.0,4
doyle_baskervilles_6_u,doyle_baskervilles_4_u,112.0,4
collins_moonstone_70_d,collins_moonstone_74_d,172.0,6
collins_moonstone_70_d,collins_moonstone_84_d,117.0,4
collins_moonstone_70_d,collins_moonstone_66_d,112.0,4
collins_moonstone_70_d,collins_moonstone_65_d,107.0,3
stoker_dracula_18_g,stoker_dracula_24_g,108.0,3
stoker_dracula_11_g,stoker_dracula_10_g,368.0,10
stoker_dracula_11_g,stoker_dracula_12_g,316.0,10
stoker_dracula_11_g,stoker_dracula_9_g,281.0,9
collins_moonstone_85_d,collins_moonstone_56_d,117.0,4
collins_moonstone_85_d,lewis_monk_4_g,128.0,4
doyle_adventures_12_d,doyle_adventures_4_d,170.0,6
doyle_adventures_12_d,doyle_baskervilles_9_u,124.0,4
doyle_adventures_12_d,doyle_baskervilles_8_u,109.0,4
doyle_adventures_12_d,doyle_adventures_2_d,116.0,4
doyle_adventures_12_d,doyle_adventures_9_d,277.0,9
doyle_adventures_12_d,doyle_baskervilles_4_u,116.0,4
doyle_adventures_12_d,doyle_baskervilles_2_u,141.0,5
doyle_signoffour_7_d,doyle_adventures_4_d,157.0,5
doyle_scarlet_13_d,doyle_adventures_4_d,120.0,4
doyle_scarlet_13_d,lewis_monk_4_g,117.0,4
radcliffe_udolpho_16_g,radcliffe_udolpho_33_g,336.0,11
radcliffe_udolpho_16_g,radcliffe_udolpho_36_g,161.0,5
radcliffe_udolpho_16_g,reeve_oldenglishbaron,168.0,6
radcliffe_udolpho_16_g,radcliffe_udolpho_34_g,261.0,9
radcliffe_udolpho_16_g,lewis_monk_4_g,143.0,5
radcliffe_udolpho_16_g,radcliffe_udolpho_50_g,281.0,9
radcliffe_udolpho_16_g,radcliffe_udolpho_18_g,128.0,4
radcliffe_udolpho_16_g,radcliffe_udolpho_13_g,414.0,14
radcliffe_udolpho_16_g,radcliffe_udolpho_48_g,120.0,4
radcliffe_udolpho_16_g,radcliffe_udolpho_4_g,138.0,5
radcliffe_udolpho_16_g,radcliffe_udolpho_10_g,324.0,11
radcliffe_udolpho_16_g,radcliffe_udolpho_12_g,405.0,13
radcliffe_udolpho_16_g,radcliffe_udolpho_54_g,250.0,9
radcliffe_udolpho_16_g,radcliffe_udolpho_35_g,183.0,6
radcliffe_udolpho_25_g,radcliffe_udolpho_33_g,601.0,20
radcliffe_udolpho_25_g,radcliffe_udolpho_34_g,201.0,7
radcliffe_udolpho_25_g,radcliffe_udolpho_18_g,145.0,5
radcliffe_udolpho_25_g,radcliffe_udolpho_48_g,117.0,4
radcliffe_udolpho_25_g,radcliffe_udolpho_22_g,149.0,5
radcliffe_udolpho_25_g,radcliffe_udolpho_12_g,122.0,4
radcliffe_udolpho_25_g,radcliffe_udolpho_27_g,165.0,5
radcliffe_udolpho_33_g,radcliffe_udolpho_2_g,141.0,5
radcliffe_udolpho_33_g,radcliffe_udolpho_15_g,119.0,4
radcliffe_udolpho_33_g,radcliffe_udolpho_34_g,534.0,18
radcliffe_udolpho_33_g,radcliffe_udolpho_50_g,172.0,6
radcliffe_udolpho_33_g,radcliffe_udolpho_18_g,682.0,23
radcliffe_udolpho_33_g,radcliffe_udolpho_13_g,237.0,8
radcliffe_udolpho_33_g,radcliffe_udolpho_48_g,337.0,11
radcliffe_udolpho_33_g,radcliffe_udolpho_22_g,425.0,15
radcliffe_udolpho_33_g,radcliffe_udolpho_4_g,171.0,6
radcliffe_udolpho_33_g,lewis_monk_10_g,124.0,4
radcliffe_udolpho_33_g,radcliffe_udolpho_10_g,152.0,5
radcliffe_udolpho_33_g,radcliffe_udolpho_12_g,298.0,10
radcliffe_udolpho_33_g,radcliffe_udolpho_27_g,206.0,7
radcliffe_udolpho_33_g,radcliffe_udolpho_14_g,172.0,6
radcliffe_udolpho_33_g,radcliffe_udolpho_49_g,100.0,3
radcliffe_udolpho_33_g,radcliffe_udolpho_35_g,155.0,5
doyle_baskervilles_12_u,doyle_baskervilles_9_u,149.0,4
dickens_christmascarole_4_g,dickens_christmascarole_2_g,119.0,4
dickens_christmascarole_4_g,dickens_christmascarole_3_g,136.0,5
doyle_baskervilles_10_u,doyle_baskervilles_11_u,154.0,3
radcliffe_udolpho_2_g,radcliffe_udolpho_3_g,101.0,3
radcliffe_udolpho_2_g,radcliffe_udolpho_35_g,142.0,5
reeve_oldenglishbaron_,walpole_castleofotranto_5_g,17150.711552587643,10
reeve_oldenglishbaron_,reeve_oldenglishbaron,176.0,6
christie_styles_6_d,christie_styles_11_d,152.0,5
christie_styles_6_d,christie_styles_5_d,246.0,8
christie_styles_6_d,christie_styles_12_d,199.0,6
christie_styles_6_d,christie_styles_4_d,301.0,9
stoker_dracula_10_g,stoker_dracula_12_g,239.0,7
stoker_dracula_10_g,stoker_dracula_9_g,214.0,5
radcliffe_udolpho_15_g,radcliffe_udolpho_36_g,258.0,8
radcliffe_udolpho_15_g,radcliffe_udolpho_14_g,124.0,4
radcliffe_udolpho_15_g,radcliffe_udolpho_54_g,142.0,5
collins_moonstone_56_d,collins_moonstone_62_d,231.0,8
collins_moonstone_56_d,collins_moonstone_60_d,430.0,15
collins_moonstone_56_d,collins_moonstone_65_d,244.0,9
doyle_baskervilles_11_u,doyle_baskervilles_2_u,163.0,6
doyle_baskervilles_11_u,doyle_baskervilles_15_u,113.0,4
stoker_dracula_20_g,stoker_dracula_24_g,165.0,5
collins_moonstone_61_d,collins_moonstone_53_d,105.0,3
collins_moonstone_61_d,collins_moonstone_60_d,142.0,5
collins_moonstone_80_d,collins_moonstone_67_d,118.0,4
collins_moonstone_80_d,collins_moonstone_66_d,121.0,4
collins_hauntedhotel_5_u,collins_hauntedhotel_15_u,119.0,4
doyle_adventures_4_d,doyle_adventures_2_d,166.0,6
doyle_adventures_4_d,doyle_adventures_9_d,167.0,6
radcliffe_udolpho_36_g,radcliffe_udolpho_34_g,211.0,7
radcliffe_udolpho_36_g,radcliffe_udolpho_50_g,210.0,7
radcliffe_udolpho_36_g,radcliffe_udolpho_13_g,115.0,4
radcliffe_udolpho_36_g,radcliffe_udolpho_22_g,113.0,4
radcliffe_udolpho_36_g,radcliffe_udolpho_4_g,218.0,7
radcliffe_udolpho_36_g,radcliffe_udolpho_12_g,184.0,6
radcliffe_udolpho_36_g,radcliffe_udolpho_47_g,123.0,4
radcliffe_udolpho_36_g,radcliffe_udolpho_54_g,109.0,4
radcliffe_udolpho_36_g,radcliffe_udolpho_35_g,281.0,9
collins_moonstone_67_d,collins_moonstone_66_d,148.0,5
walpole_castleofotranto_4_g,walpole_castleofotranto_1_g,308.0,11
walpole_castleofotranto_4_g,walpole_castleofotranto_5_g,419.0,14
christie_styles_11_d,christie_styles_5_d,425.0,12
christie_styles_11_d,christie_styles_12_d,241.0,8
christie_styles_11_d,christie_styles_4_d,239.0,8
stoker_dracula_12_g,doyle_signoffour_5_d,131.0,4
stoker_dracula_12_g,stoker_dracula_9_g,265.0,8
radcliffe_udolpho_34_g,lewis_monk_4_g,254.0,9
radcliffe_udolpho_34_g,radcliffe_udolpho_50_g,374.0,13
radcliffe_udolpho_34_g,radcliffe_udolpho_13_g,244.0,8
radcliffe_udolpho_34_g,radcliffe_udolpho_48_g,202.0,7
radcliffe_udolpho_34_g,radcliffe_udolpho_22_g,229.0,8
radcliffe_udolpho_34_g,radcliffe_udolpho_10_g,117.0,4
radcliffe_udolpho_34_g,radcliffe_udolpho_12_g,386.0,13
radcliffe_udolpho_34_g,radcliffe_udolpho_54_g,127.0,4
radcliffe_udolpho_34_g,radcliffe_udolpho_35_g,216.0,7
dickens_christmascarole_2_g,dickens_christmascarole_3_g,152.0,5
christie_styles_5_d,collins_moonstone_74_d,119.0,4
christie_styles_5_d,christie_styles_12_d,398.0,14
christie_styles_5_d,christie_styles_8_d,304.0,11
christie_styles_5_d,christie_styles_1_d,126.0,4
christie_styles_5_d,christie_styles_3_d,145.0,4
christie_styles_5_d,christie_secretadversary_15_d,109.0,4
christie_styles_5_d,christie_styles_4_d,577.0,19
lewis_monk_4_g,doyle_scarlet_2_d,158.0,5
lewis_monk_4_g,lewis_monk_10_g,506.0,16
lewis_monk_4_g,lewis_monk_7_g,236.0,8
lewis_monk_4_g,lewis_monk_8_g,681.0,23
lewis_monk_4_g,lewis_monk_5_g,662.0,22
lewis_monk_4_g,lewis_monk_6_g,419.0,13
lewis_monk_4_g,lewis_monk_1_g,452.0,15
lewis_monk_4_g,collins_moonstone_76_d,118.0,4
lewis_monk_4_g,christie_styles_4_d,114.0,4
shelley_frankenstein_42_g,shelley_frankenstein_49_g,118.0,4
radcliffe_udolpho_50_g,radcliffe_udolpho_18_g,253.0,8
radcliffe_udolpho_50_g,radcliffe_udolpho_3_g,169.0,6
radcliffe_udolpho_50_g,radcliffe_udolpho_22_g,166.0,5
radcliffe_udolpho_50_g,radcliffe_udolpho_4_g,275.0,9
radcliffe_udolpho_50_g,radcliffe_udolpho_54_g,140.0,5
radcliffe_udolpho_50_g,radcliffe_udolpho_35_g,152.0,5
radcliffe_udolpho_18_g,radcliffe_udolpho_13_g,118.0,4
radcliffe_udolpho_18_g,radcliffe_udolpho_22_g,430.0,15
radcliffe_udolpho_18_g,lewis_monk_7_g,115.0,4
radcliffe_udolpho_18_g,radcliffe_udolpho_10_g,119.0,4
radcliffe_udolpho_18_g,radcliffe_udolpho_12_g,222.0,7
radcliffe_udolpho_18_g,radcliffe_udolpho_27_g,177.0,6
radcliffe_udolpho_18_g,radcliffe_udolpho_41_g,110.0,4
radcliffe_udolpho_13_g,radcliffe_udolpho_48_g,300.0,10
radcliffe_udolpho_13_g,radcliffe_udolpho_22_g,143.0,5
radcliffe_udolpho_13_g,reeve_oldenglishbaron,114.0,4
radcliffe_udolpho_13_g,radcliffe_udolpho_10_g,181.0,6
radcliffe_udolpho_13_g,radcliffe_udolpho_12_g,366.0,13
radcliffe_udolpho_13_g,radcliffe_udolpho_27_g,112.0,4
radcliffe_udolpho_13_g,radcliffe_udolpho_14_g,144.0,4
radcliffe_udolpho_13_g,radcliffe_udolpho_47_g,154.0,5
radcliffe_udolpho_13_g,radcliffe_udolpho_54_g,123.0,4
christie_styles_12_d,christie_styles_8_d,110.0,4
christie_styles_12_d,christie_styles_4_d,519.0,14
radcliffe_udolpho_3_g,radcliffe_udolpho_4_g,300.0,10
stoker_dracula_2_g,stoker_dracula_1_g,115.0,4
collins_moonstone_72_d,collins_moonstone_66_d,117.0,4
walpole_castleofotranto_1_g,reeve_oldenglishbaron,112.0,4
walpole_castleofotranto_1_g,walpole_castleofotranto_5_g,207.0,6
dickens_christmascarole_1_g,dickens_christmascarole_3_g,197.0,6
doyle_adventures_5_d,doyle_adventures_9_d,209.0,7
doyle_adventures_5_d,doyle_baskervilles_15_u,118.0,4
radcliffe_udolpho_48_g,radcliffe_udolpho_22_g,177.0,6
radcliffe_udolpho_48_g,radcliffe_udolpho_4_g,223.0,7
radcliffe_udolpho_48_g,radcliffe_udolpho_10_g,309.0,10
radcliffe_udolpho_48_g,radcliffe_udolpho_21_g,157.0,5
radcliffe_udolpho_48_g,radcliffe_udolpho_12_g,498.0,16
radcliffe_udolpho_48_g,radcliffe_udolpho_27_g,199.0,7
radcliffe_udolpho_48_g,radcliffe_udolpho_14_g,210.0,6
radcliffe_udolpho_22_g,radcliffe_udolpho_12_g,278.0,9
doyle_scarlet_2_d,doyle_adventures_9_d,108.0,3
radcliffe_udolpho_4_g,radcliffe_udolpho_10_g,254.0,9
radcliffe_udolpho_4_g,radcliffe_udolpho_14_g,149.0,4
radcliffe_udolpho_4_g,radcliffe_udolpho_54_g,150.0,5
radcliffe_udolpho_4_g,radcliffe_udolpho_35_g,118.0,4
christie_secretadversary_11_d,christie_secretadversary_15_d,145.0,5
collins_hauntedhotel_11_u,collins_hauntedhotel_15_u,170.0,3
lewis_monk_10_g,lewis_monk_7_g,521.0,17
lewis_monk_10_g,lewis_monk_8_g,424.0,14
lewis_monk_10_g,lewis_monk_5_g,138.0,5
lewis_monk_10_g,lewis_monk_6_g,309.0,10
lewis_monk_10_g,lewis_monk_1_g,203.0,7
christie_styles_8_d,christie_styles_4_d,191.0,6
lewis_monk_7_g,lewis_monk_8_g,118.0,4
lewis_monk_7_g,lewis_monk_5_g,112.0,4
lewis_monk_7_g,lewis_monk_6_g,364.0,11
lewis_monk_7_g,lewis_monk_1_g,115.0,4
doyle_adventures_2_d,doyle_adventures_9_d,214.0,7
radcliffe_udolpho_10_g,radcliffe_udolpho_12_g,484.0,17
radcliffe_udolpho_10_g,radcliffe_udolpho_27_g,157.0,5
radcliffe_udolpho_10_g,radcliffe_udolpho_47_g,204.0,7
radcliffe_udolpho_10_g,radcliffe_udolpho_54_g,144.0,5
lewis_monk_8_g,lewis_monk_5_g,326.0,10
lewis_monk_8_g,lewis_monk_6_g,316.0,10
lewis_monk_8_g,lewis_monk_1_g,377.0,13
lewis_monk_5_g,lewis_monk_6_g,464.0,15
lewis_monk_5_g,lewis_monk_1_g,404.0,13
lewis_monk_6_g,lewis_monk_1_g,258.0,9
collins_moonstone_62_d,collins_moonstone_66_d,138.0,5
collins_moonstone_62_d,collins_moonstone_60_d,241.0,8
collins_moonstone_62_d,collins_moonstone_65_d,208.0,6
radcliffe_udolpho_12_g,radcliffe_udolpho_27_g,112.0,4
radcliffe_udolpho_12_g,radcliffe_udolpho_14_g,136.0,5
radcliffe_udolpho_12_g,radcliffe_udolpho_49_g,402.0,14
radcliffe_udolpho_12_g,radcliffe_udolpho_54_g,212.0,7
radcliffe_udolpho_12_g,radcliffe_udolpho_35_g,116.0,4
collins_moonstone_50_d,collins_moonstone_49_d,369.0,11
radcliffe_udolpho_41_g,radcliffe_udolpho_54_g,110.0,4
radcliffe_udolpho_47_g,radcliffe_udolpho_54_g,157.0,5
collins_moonstone_66_d,collins_moonstone_60_d,209.0,7
collins_moonstone_66_d,collins_moonstone_76_d,161.0,5
collins_moonstone_66_d,collins_moonstone_65_d,286.0,9
collins_moonstone_60_d,collins_moonstone_65_d,167.0,6
doyle_baskervilles_2_u,doyle_baskervilles_15_u,350.0,11
radcliffe_udolpho_54_g,radcliffe_udolpho_35_g,129.0,4
collins_moonstone_76_d,collins_moonstone_65_d,143.0,5
collins_moonstone_49_d,collins_moonstone_52_d,116.0,4